DevelopConf,Conference,26/10/2021 00:00:00,29/10/2021 00:00:00,3 day,https://developconference.com,Unknown,Brighton,UK,
Github Universe,Conference,27/10/2021 00:00:00,29/10/2021 00:00:00,2 day,https://www.githubuniverse.com/,Virtual,,Online,
Software Architecture FWDays,Conference,27/10/2021 00:00:00,03/11/2021 00:00:00,7 day,https://fwdays.com/,Virtual,,Ukraine,
Facebook Connect,Conference,28/10/2021 00:00:00,29/10/2021 00:00:00,1 day,https://www.facebookconnect.com/,Virtual,,Online,
Women in Technology,Conference,01/11/2021 00:00:00,03/11/2021 00:00:00,2 day,https://www.women-in-technology.com/,Unknown,London,UK,
Web Summit,Conference,01/11/2021 00:00:00,05/11/2021 00:00:00,4 day,https://websummit.com/,Hybrid,Lisbon,Portugal,
Microsoft Ignite,Conference,02/11/2021 00:00:00,04/11/2021 00:00:00,2 day,https://myignite.microsoft.com/,Virtual,,Online,
NDC Sydney,Conference,03/11/2021 00:00:00,06/11/2021 00:00:00,3 day,https://ndcsydney.com/,Unknown,Sydney,Australia,
DevRelCon,Conference,08/11/2021 00:00:00,10/11/2021 00:00:00,2 day,https://2021.devrel.net/,Virtual,,Online,
Mixed Reality Hackathon with Stereokit,Hackathon,08/11/2021 00:00:00,06/12/2021 00:00:00,28 day,https://mixed-reality-stereokit.devpost.com/,Virtual,,Online,
.NET Conf,Conference,09/11/2021 00:00:00,11/11/2021 00:00:00,2 day,https://www.dotnetconf.net/,Virtual,,Online,
Bruno Capuano - TinyML and SkySharks,Meetup,11/11/2021 00:00:00,11/11/2021 02:00:00,2 hour,https://www.meetup.com/Nottingham-IoT-Meetup/events/281658143/,Virtual,,Online,
Microsoft Tech Days: A flight into IoT,Meetup,15/11/2021 00:00:00,15/11/2021 02:00:00,2 hour,https://www.meetup.com/Microsoft-Reactor-London/events/281589963/,Virtual,,Online,
F# for the Masses!,Meetup,16/11/2021 00:00:00,16/11/2021 02:00:00,2 hour,https://www.meetup.com/dotnetoxford/events/280292848/,Virtual,,Online,
BuildStuffConf,Conference,17/11/2021 00:00:00,19/11/2021 00:00:00,2 day,https://www.buildstuff.events/,Hybrid,Vilnius,Lithuania,
Introduction to .NET 6 (with Scott H),Meetup,17/11/2021 00:00:00,17/11/2021 02:00:00,2 hour,https://www.meetup.com/NET-to-the-Core/events/281669300,Virtual,,Online,
Unity AI Summit 2021,Conference,18/11/2021 00:00:00,19/11/2021 00:00:00,1 day,https://www.aisummit2021.unity.com/,Virtual,,Online,
.NET Core on Docker,Meetup,25/11/2021 00:00:00,25/11/2021 02:00:00,2 hour,https://www.meetup.com/Leeds-Sharp/events/281794183/,Unknown,Leeds,UK,
Developer Developer Developer,Conference,27/11/2021 00:00:00,28/11/2021 00:00:00,1 day,https://developerdeveloperdeveloper.com/,Virtual,,Online,
NDC Oslo,Conference,29/11/2021 00:00:00,03/12/2021 00:00:00,4 day,https://ndcoslo.com/,Unknown,Oslo,Norway,
AWS RE:Invent,Conference,29/11/2021 00:00:00,04/12/2021 00:00:00,5 day,https://reinvent.awsevents.com/,Hybrid,Las Vegas,USA,
Training an image classification model,Meetup,29/11/2021 00:00:00,29/11/2021 02:00:00,2 hour,https://www.meetup.com/dotnetnotts/events/282040155,Virtual,,Online,
Festive Tech Calendar,Website,01/12/2021 00:00:00,26/12/2021 00:00:00,25 day,https://festivetechcalendar.com/,Virtual,,Online,
C# Calendar,Website,01/12/2021 00:00:00,26/12/2021 00:00:00,25 day,https://www.csadvent.christmas/,Virtual,,Online,
Global XR Conference,Conference,01/12/2021 00:00:00,04/12/2021 00:00:00,3 day,https://globalxrconference.com/,Virtual,,Online,
MCubed,Conference,09/12/2021 00:00:00,10/12/2021 00:00:00,1 day,https://www.mcubed.london/,Virtual,,Online,
C# Corner .NET Virtual Conference 2022,Conference,24/01/2022 00:00:00,27/01/2022 00:00:00,3 day,https://sessionize.com/dotnet-virtual-conference-2022,Virtual,,Online,
NDC London,Conference,09/05/2022 00:00:00,14/05/2022 00:00:00,5 day,https://ndclondon.com/,Unknown,London,UK,
FOSDEM 2022,Conference,05/02/2022 00:00:00,07/02/2022 00:00:00,2 day,https://fosdem.org/2022/,Virtual,,Belgium,
.NET Oxford - Lightning talks,Meetup,15/02/2022 00:00:00,15/02/2022 00:00:00,,https://www.meetup.com/dotnetoxford/events/281666694/,Virtual,,Online,
Scottish Summit 2022,Conference,10/06/2022 00:00:00,11/06/2022 00:00:00,2 day,https://scottishsummit.com/,Hybrid,Glasgow,UK,
.NET Oxford - Optimise your Azure spend,Meetup,15/03/2022 00:00:00,15/03/2022 02:00:00,2 hour,https://www.meetup.com/dotnetoxford/events/281709324/,Virtual,,Online,
NDC Copenhagen,Conference,30/05/2022 00:00:00,02/06/2022 00:00:00,3 day,https://ndccopenhagen.com/,Unknown,Copenhagen,Denmark,
BoosterConf,Conference,23/03/2022 00:00:00,25/03/2022 00:00:00,2 day,https://2022.boosterconf.no/,Unknown,Bergen,Norway,
MVP Summit 2022,Conference,29/03/2022 00:00:00,01/04/2022 00:00:00,3 day,https://mvp.microsoft.com/summit,Virtual,,Online,
KubeCon / CloudNativeCon,Conference,17/05/2022 00:00:00,20/05/2022 00:00:00,3 day,KubeCon + CloudNativeCon Europe | Linux Foundation Events,Unknown,Valencia,Spain,
DevSum 2022,Conference,19/05/2022 00:00:00,21/05/2022 00:00:00,2 day,https://www.devsum.se/,Unknown,Stockholm,Sweden,
London Tech Week,Conference,13/06/2022 00:00:00,18/06/2022 00:00:00,5 day,https://londontechweek.com/,Hybrid,London,UK,
International JavaScript Conference,Conference,25/04/2022 00:00:00,27/04/2022 00:00:00,2 day,https://javascript-conference.com/,Hybrid,,Online,
CES,Conference,05/01/2022 00:00:00,09/01/2022 00:00:00,4 day,https://www.ces.tech/,Hybrid,Las Vegas,USA,
.NET Frontend Day,Conference,10/02/2022 00:00:00,11/02/2022 00:00:00,1 day,https://www.dotnet-frontend.com/,Virtual,,Online,
Future Tech 2022,Conference,10/02/2022 00:00:00,11/02/2022 00:00:00,1 day,https://futuretech.nl/,In_Person,Utrecht,Netherlands,
DevDay 2021,Conference,23/11/2021 00:00:00,24/11/2021 00:00:00,1 day,https://devday.be/,Unknown,Louvain-La-Neuve,Belgium,
GitHub Actions Hackathon,Hackathon,08/11/2021 00:00:00,08/12/2021 00:00:00,30 day,https://dev.to/devteam/join-us-for-the-2021-github-actions-hackathon-on-dev-4hn4,Virtual,,Online,
Virtual ML.NET Hackathon,Hackathon,12/11/2021 00:00:00,19/11/2021 00:00:00,7 day,https://github.com/virtualmlnet/hackathon-2021,Virtual,,Online,
Facebook XR Hackathon,Hackathon,09/11/2021 00:00:00,22/11/2021 00:00:00,13 day,https://facebookhackathons.com/,Virtual,,Online,
European Collaboration Summit,Conference,29/11/2021 00:00:00,02/12/2021 00:00:00,3 day,https://collabsummit.eu/,Virtual,Dusseldorf,Germany,
Uno Conf 2021,Conference,30/11/2021 00:00:00,01/12/2021 00:00:00,1 day,https://unoconf.com/,Virtual,,Online,
AI Con 2021,Conference,03/12/2021 00:00:00,04/12/2021 00:00:00,1 day,https://aicon2021.com/,Hybrid,Belfast,Northern Ireland,
The AI Summit New York,Conference,08/12/2021 00:00:00,10/12/2021 00:00:00,2 day,https://newyork.theaisummit.com/,In_Person,New York City,USA,
DEVIntersection,Conference,05/12/2021 00:00:00,10/12/2021 00:00:00,5 day,https://devintersection.com/,Unknown,Las Vegas,USA,
JConf.dev,Conference,08/12/2021 00:00:00,10/12/2021 00:00:00,2 day,https://2021.jconf.dev/,Virtual,,Online,
NDC Porto,Conference,25/04/2022 00:00:00,29/04/2022 00:00:00,4 day,https://ndcporto.com/,Unknown,Porto,Portugal,
NDC Porto Call For Paper Deadline,Call_For_Papers,01/01/2022 00:00:00,02/01/2022 00:00:00,1 day,https://ndcporto.com/,Unknown,Porto,Portugal,
Update Conference Prague 2022,Conference,10/11/2022 00:00:00,12/11/2022 00:00:00,2 day,https://www.updateconference.net/,Hybrid,Prague,Czech Republic,
PyTorch Developer Day,Conference,01/12/2021 00:00:00,03/12/2021 00:00:00,2 day,https://pytorch.org/blog/pytorch-developer-day-2021/,Virtual,,Online,
Cloud Native Hackathon,Hackathon,09/12/2021 00:00:00,12/12/2021 00:00:00,3 day,https://cloudnativehack21.devpost.com/,Virtual,,Online,
Null & Void - Everything about Nothing in .NET,Meetup,07/12/2021 00:00:00,07/12/2021 01:00:00,1 hour,https://www.meetup.com/DotNetNorth/events/282377697,Virtual,,Online,
5G Catalyst Summit,Unknown,29/11/2021 00:00:00,04/12/2021 00:00:00,5 day,https://innovationcatalyst.tech/,Virtual,,Online,
Tech A11y Summit,Conference,15/12/2021 00:00:00,16/12/2021 00:00:00,1 day,https://www.techa11y.dev/,Virtual,,Online,
Lens Fest,Conference,07/12/2021 00:00:00,10/12/2021 00:00:00,3 day,https://lensfest.live/,Virtual,,Online,
Kubernetes and Containers for the .NET Developer,Meetup,15/12/2021 00:00:00,15/12/2021 02:00:00,2 hours,https://www.meetup.com/dotnet-virtual-user-group/events/282438094/,Virtual,,Online,
Game Developers Conference,Conference,21/03/2022 00:00:00,26/03/2022 00:00:00,5 day,https://gdconf.com/,Hybrid,San Francisco,USA,
Digital HQ Slackathon,Hackathon,16/11/2021 00:00:00,01/02/2022 00:00:00,77 day,https://slack.devpost.com/?ref_feature=challenge&ref_medium=discover,Virtual,,Online,
AWS Disaster Response Hackathon,Hackathon,01/12/2021 00:00:00,07/02/2022 00:00:00,68 day,https://awsdisasterresponse.devpost.com/?ref_feature=challenge&ref_medium=discover,Virtual,,Online,
Microsoft Envision Episode 2,Conference,14/12/2021 00:00:00,15/12/2021 00:00:00,1 day,https://envision.microsoft.com/home,Virtual,,Online,
Microsoft Envision Episode 3,Conference,08/02/2022 00:00:00,09/02/2022 00:00:00,1 day,https://envision.microsoft.com/home,Virtual,,Online,
Microsoft Envision Episode 4,Conference,12/04/2022 00:00:00,13/04/2022 00:00:00,1 day,https://envision.microsoft.com/home,Virtual,,Online,
Microsoft Envision Episode 5,Conference,14/06/2022 00:00:00,15/06/2022 00:00:00,1 day,https://envision.microsoft.com/home,Virtual,,Online,
Cryptography 101 - with Robert Boedigheimer,Meetup,07/12/2021 00:00:00,07/12/2021 02:00:00,2 hour,https://www.meetup.com/dotnetoxford/events/280471463,Virtual,,Online,
Software Design & Development (SDD) 2022,Conference,16/05/2022 00:00:00,21/05/2022 00:00:00,5 day,https://sddconf.com/,Unknown,London,UK,
Microsoft Azure + AI Conference,Conference,07/12/2021 00:00:00,10/12/2021 00:00:00,3 day,https://www.azureaiconf.com/,Hybrid,Las Vegas,USA,
Linux Foundation Open Source Summit 2022,Conference,21/06/2022 00:00:00,25/06/2022 00:00:00,4 day,https://events.linuxfoundation.org/open-source-summit-north-america/,Hybrid,Austin Texas,USA,
Future Tech 2022 Call For Papers,Call_For_Papers,15/10/2021 00:00:00,31/01/2022 00:00:00,108 day,https://sessionize.com/future-tech-2022/,Hybrid,Utrecht,Netherlands,
Microsoft 365 Collaboration Conference,Conference,07/12/2021 00:00:00,10/12/2021 00:00:00,3 day,https://www.m365conf.com/,Hybrid,Las Vegas,USA,
React Conference Live,Conference,01/04/2022 00:00:00,02/04/2022 00:00:00,1 day,https://reactlive.nl/,Unknown,Amsterdam,Netherlands,
Null & Void - Everything about Nothing in .NET with Stefan Pölz,Meetup,14/12/2021 00:00:00,14/12/2021 02:00:00,2 hour,https://www.meetup.com/dotnetsouthwest/events/279821093/,Virtual,,Online,
Containerising and deploying .NET applications to AWS with CDK,Meetup,01/03/2022 00:00:00,01/03/2022 02:00:00,2 hour,https://www.meetup.com/dotnetsheff/events/280415916/,Unknown,Sheffield,UK,
C# Corner .NET Virtual Conference 2022 Call For Papers,Call_For_Papers,12/10/2021 00:00:00,20/12/2021 00:00:00,69 day,https://sessionize.com/dotnet-virtual-conference-2022,Virtual,,Online,
Developer Week 2022,Conference,04/07/2022 00:00:00,09/07/2022 00:00:00,5 day,https://www.developer-week.de/,Hybrid,Nürnberg,Germany,
Developer Week 2022 Call For Papers,Call_For_Papers,01/11/2021 00:00:00,12/01/2022 00:00:00,72 day,https://sessionize.com/developer-week-22,Hybrid,Nürnberg,Germany,
Devcon 6,Conference,08/01/2022 00:00:00,09/01/2022 00:00:00,1 day,https://codemovement.pk/events/devcon-6/,Virtual,,Online,
KCDC 2022,Conference,08/08/2022 00:00:00,11/08/2022 00:00:00,3 day,http://www.kcdc.info/,Unknown,Kansas City,USA,
Codebar Festival 2022 CFP,Call_For_Papers,15/12/2021 00:00:00,10/01/2022 00:00:00,26 day,https://bit.ly/3czY78X,Virtual,,Online,
Microsoft Power Platform Virtual Training Days,Conference,18/01/2022 00:00:00,18/01/2022 03:00:00,3 hour,https://mktoevents.com/Microsoft+Event/314239/157-GQE-382,Virtual,,Online,
KCDC 2022 Call For Papers,Call_For_Papers,06/12/2021 00:00:00,28/01/2022 00:00:00,53 day,https://sessionize.com/kcdc-2022,Hybrid,Kansas City,USA,
IC Hack 22,Hackathon,05/02/2022 00:00:00,06/02/2022 00:00:00,1 day,https://ichack.org/,In_Person,London,UK,
SQLBits 2022,Conference,08/03/2022 00:00:00,13/03/2022 00:00:00,5 day,https://sqlbits.com/,Unknown,London,UK,
Hack Singapore,Hackathon,05/01/2022 00:00:00,03/04/2022 00:00:00,89 day,https://hacksingapore.com/,Hybrid,,Online,
Techstars Startup Weekend Online Iowa,Hackathon,21/01/2022 00:00:00,22/01/2022 00:00:00,1 day,https://event.techstars.com/event/34ZJjHxFy4,Virtual,,Online,
Techstars Global Startup Weekend,Hackathon,12/11/2021 00:00:00,20/11/2021 00:00:00,9 day,https://startupweekendglobal.com/,Virtual,,Online,
Connell Watkins - Onion Architecture with DDD and CQRS,Meetup,12/01/2022 18:30:00,12/01/2022 20:00:00,1.5 hour,https://www.meetup.com/Milton-Keynes-NET-Meetup-Group/events/282681153,Virtual,,Online,
CodeMash 2022,Conference,11/01/2022 00:00:00,14/01/2022 00:00:00,4 day,https://www.codemash.org/,In_Person,Sandusky (Ohio),USA,
That Conference,Conference,17/01/2022 00:00:00,20/01/2022 00:00:00,4 day,https://that.us/,Hybrid,Round Rock (Texas),USA,
React Miami,Conference,18/04/2022 00:00:00,19/04/2022 00:00:00,2 day,https://www.reactmiami.com/,In_Person,Miami (Florida),USA,
Tech Intersections 2022,Conference,29/01/2022 00:00:00,29/01/2022 00:00:00,1 day,https://techintersections.org/,In_Person,Oakland (California),USA,
Azure Live,Conference,21/04/2022 00:00:00,21/04/2022 00:00:00,1 day,https://azurelive.nl/,Virtual,,Online,
AVD Tech Fest 2022 Call For Speakers,Call_For_Papers,19/12/2021 00:00:00,31/01/2022 00:00:00,44 day,https://sessionize.com/avd-tech-fest-2022/,In_Person,Amsterdam,Netherlands,
AVD Tech Fest 2022,Conference,19/04/2022 00:00:00,20/04/2022 00:00:00,2 day,https://avdtechfest.com/,In_Person,Amsterdam,Netherlands,
Technorama Netherlands 2022,Conference,10/10/2022 00:00:00,13/10/2022 00:00:00,4 day,https://www.techorama.nl/,In_Person,Ede,Netherlands,
Technorama Belgium 2022,Conference,23/05/2022 00:00:00,25/05/2022 00:00:00,3 day,https://www.techorama.be/,In_Person,Antwerp,Belgium,
Coding Blocks Game Jam,Hackathon,21/01/2022 00:00:00,24/01/2022 00:00:00,4 day,https://itch.io/jam/coding-blocks-2021,Virtual,,Online,
JavaScript and Friends Conference,Conference,29/07/2022 08:30:00,29/07/2022 17:00:00,1 day,https://www.javascriptandfriends.com/,In_Person,Columbus (Ohio),USA,
Welsh Azure User Group - January Virtual Event,Meetup,19/01/2022 18:30:00,19/01/2022 20:30:00,2 hour,https://meetu.ps/e/KzB2c/PsPnt/i,Virtual,,Online,
Monaverse Buildathon,Hackathon,01/01/2022 00:00:00,27/01/2022 00:00:00,27 day,https://www.monaverse.art/,Virtual,,Online,
Gatherverse Summit,Conference,22/02/2022 00:00:00,25/02/2022 00:00:00,4 day,https://gatherversesummit.com/,Virtual,,Online,
NFT Hack,Hackathon,14/01/2022 00:00:00,16/01/2022 00:00:00,3 day,https://nft.ethglobal.co/,Virtual,,Online,
Machine Learning with Cartoon Characters and Christmas Trees,Meetup,19/01/2022 19:00:00,19/01/2022 20:30:00,1.5 hour,https://www.meetup.com/Manchester-Azure-Dot-NET-Meetup/events/283093870,Virtual,,Online,
Paths into XR Development,Meetup,11/01/2022 17:00:00,11/01/2022 18:00:00,1 hour,https://www.meetup.com/Microsoft-Reactor-Redmond/events/282721249,Virtual,,Online,
10 Things I Wish I Knew Before Writing .NET On Linux,Meetup,13/01/2022 13:00:00,13/01/2022 14:30:00,1.5 hour,https://www.meetup.com/dotnet-virtual-user-group/events/283063566,Virtual,,Online,
Intro to MongoDB and .NET - From Tables to Documents,Meetup,20/01/2022 19:00:00,20/01/2022 20:30:00,1.5 hour,https://www.meetup.com/dotnetsouthwest/events/280872366,Virtual,,Online,
Geeking out with Visual Studio!,Meetup,18/01/2022 18:45:00,18/01/2022 21:00:00,2.25 hour,https://www.meetup.com/dotnetoxford/events/281383319,Virtual,,Online,
DevOpsCon London 2022,Conference,26/04/2022 00:00:00,29/04/2022 00:00:00,4 day,https://devopscon.io/london/,Hybrid,London,UK,
North America HoloLens Industry Summit,Conference,26/01/2022 00:00:00,26/01/2022 00:00:00,1 day,https://hopin.com/events/microsoft-hololens-summit/registration,Virtual,,Online,
Tedx Manchester,Conference,12/03/2022 00:00:00,12/03/2022 00:00:00,1 day,https://www.tedxmanchester.com/,In_Person,Manchester,UK,
Local Hack Day,Hackathon,09/01/2022 00:00:00,16/01/2022 00:00:00,8 day,https://lhd-build-2022.devpost.com/,Virtual,,Online,
DeveloperWeek 2022 Hackathon,Hackathon,24/01/2022 00:00:00,08/02/2022 00:00:00,16 day,https://developerweek-2022-hackathon.devpost.com/,Virtual,,Online,
Microsoft decentralized identity hackathon,Hackathon,27/01/2022 00:00:00,31/01/2022 00:00:00,5 day,https://microsoft-did.devpost.com/,Virtual,,Online,
Azure Open Source Day,Conference,15/02/2022 00:00:00,15/02/2022 00:00:00,1 day,https://info.microsoft.com/ww-azure-open-source-day.html,Virtual,,Online,
Advanced Testing Techniques with ASP.NET Core,Meetup,24/01/2022 18:00:00,24/01/2022 20:00:00,2 hour,https://www.meetup.com/dotnetcambridge/events/281988835/,Virtual,,Online,
North American Collaboration Summit,Conference,12/10/2022 08:00:00,12/10/2022 17:00:00,1.375 day,https://www.collabsummit.org/,Hybrid,Branson,USA,
Project Hack 13,Hackathon,03/02/2022 00:00:00,04/02/2022 00:00:00,2 day,https://www.projectdataanalytics.co.uk/projecthack/,In_Person,London,UK,
Confoo,Conference,23/02/2022 19:47:00,25/02/2022 19:47:00,3 day,https://confoo.ca/en/2022,Virtual,,Online,
Voxxed Days Melbourne 2022,Conference,14/02/2022 19:51:00,15/02/2022 19:51:00,2 day,https://australia.voxxeddays.com/,In_Person,Melbourne,Australia,
Voxxed Days Sydney 2022,Conference,17/02/2022 00:00:00,18/02/2022 00:00:00,2 day,https://australia.voxxeddays.com/,In_Person,Sydney,Australia,
Future Tech 2022,Conference,17/03/2022 00:00:00,17/03/2022 00:00:00,1 day,https://futuretech.nl/,In_Person,Jaarbeurs Utrecht,Netherlands,
Code Camp 2022,Meetup,04/03/2022 00:00:00,04/03/2022 00:00:00,1 day,https://www.meetup.com/Philly-NET/events/281245125/,Virtual,,Online,
Visual Studio Live,Conference,27/02/2022 00:00:00,04/03/2022 00:00:00,6 day,https://vslive.com/events/las-vegas-2022/home.aspx,In_Person,Las Vegas (Nevada),USA,
TEDxManchester 2022,Conference,12/03/2022 00:00:00,12/03/2022 00:00:00,1 day,https://www.tedxmanchester.com/,In_Person,Manchester,UK,
MiniHack 15,Meetup,24/01/2022 19:00:00,24/01/2022 21:00:00,2 hour,https://www.meetup.com/mini-hack/events/283335205,Virtual,,Online,
Web GameDev Summit 2022,Conference,07/04/2022 00:00:00,08/04/2022 00:00:00,2 day,https://webgamedevsummit.com/,Virtual,,Online,
Web 3.0 Conference,Conference,26/01/2022 00:00:00,27/01/2022 00:00:00,2 day,https://web3conference.io/,Virtual,,Online,
MK.NET - Maria Naggaga - The Minimal API Journey,Meetup,08/02/2022 18:30:00,08/02/2022 20:00:00,1.5 hour,https://www.meetup.com/Milton-Keynes-NET-Meetup-Group/events/283418577,Virtual,,UK,
Supercharge Your App with Microservices and Unit Testing,Meetup,25/01/2022 18:00:00,25/01/2022 20:00:00,2 hour,https://www.meetup.com/HaintonsDotNetMeetup/events/281524257,In_Person,Leeds,UK,
Creating a GraphQL API with ASP.NET Core,Meetup,27/01/2022 18:30:00,27/01/2022 19:30:00,1 hour,https://www.meetup.com/Leeds-Sharp/events/283044779,Virtual,,Online,
MongoDB and .NET From Tables to Documents With Luce Carter,Meetup,27/01/2022 19:00:00,27/01/2022 21:00:00,2 hour,https://www.meetup.com/Dot-NET-Liverpool/events/283236509,In_Person,Liverpool,UK,
DevSecOps - A fireside chat with Aidan Finn,Meetup,28/01/2022 20:00:00,28/01/2022 21:00:00,1 hour,https://www.meetup.com/Limerick-DotNet/events/283195923,Virtual,,Online,
How to create an Awesome 2022 and avoid living in default mode!,Meetup,27/01/2022 08:00:00,27/01/2022 09:00:00,1 hour,https://www.meetup.com/Notts-Techfast/events/283318411,Virtual,,Online,
Gartner Data and Analytics Summit 2022,Conference,14/03/2022 00:00:00,17/03/2022 00:00:00,4 day,https://www.gartner.com/en/conferences/na/data-analytics-us,In_Person,Orlando,USA,
Women in Tech Global Conference 2022,Conference,07/06/2022 00:00:00,10/06/2022 00:00:00,4 day,https://www.womentech.net/women-tech-conference,Hybrid,,Online,
Big Data and AI World 2022,Conference,02/03/2022 00:00:00,03/03/2022 00:00:00,2 day,https://www.bigdataworld.com/,In_Person,London,UK,
Geo Week 2022,Conference,06/02/2022 00:00:00,08/02/2022 00:00:00,3 day,https://www.geo-week.com/,In_Person,Denver,USA,
Good Tech Hack 2022,Hackathon,25/02/2022 00:00:00,26/02/2022 00:00:00,2 day,https://www.goodtechhack.se/,Virtual,,Online,
DEVCONF 2022 Johannesburg,Conference,07/04/2022 00:00:00,07/04/2022 00:00:00,1 day,https://www.devconf.co.za/joburg,In_Person,Johannesburg,South Africa,
DEVCONF 2022 Virtual,Conference,07/04/2022 00:00:00,07/04/2022 00:00:00,1 day,https://www.devconf.co.za/virtual,Virtual,,Online,
DEVCONF 2022 Cape Town,Conference,05/04/2022 00:00:00,05/04/2022 00:00:00,1 day,https://www.devconf.co.za/capetown,In_Person,Cape Town,South Africa,
UX Live,Conference,24/02/2022 00:00:00,25/02/2022 00:00:00,2 day,https://online.uxliveconference.com/,Virtual,,Online,
QA Global Summit 2022,Conference,15/02/2022 00:00:00,16/02/2022 00:00:00,2 day,https://events.geekle.us/qa/,Virtual,,Online,
Global Game Jam,Hackathon,20/01/2022 00:00:00,30/01/2022 00:00:00,11 day,https://globalgamejam.org/,Virtual,,Online,
Energiesprong UK whole house retrofit hackathon,Hackathon,21/02/2022 00:00:00,22/02/2022 00:00:00,2 day,https://padlet.com/EnergiesprongUK/cc5y25lxw9dfw62f,Virtual,,Online,
SAS Hackathon,Hackathon,25/01/2022 00:00:00,26/01/2022 00:00:00,2 day,https://www.sas.com/sas/events/hackathon.html,Virtual,,Online,
HackNotts 2022,Hackathon,12/02/2022 00:00:00,13/02/2022 00:00:00,2 day,https://www.hacknotts.com/,In_Person,Nottingham,UK,
Graph based processing in Apache Spark,Meetup,26/01/2022 16:00:00,26/01/2022 17:00:00,1 hour,https://www.meetup.com/aifortytwoo/events/283353740/,Virtual,,Online,
DevRelCon Deep Dives,Conference,24/05/2022 00:00:00,25/05/2022 00:00:00,2 day,https://deepdives.devrelcon.dev/,Virtual,,Online,
Australian Blockchain Week 2022,Conference,21/03/2022 00:00:00,25/03/2022 00:00:00,5 day,https://www.blockchainweek.com.au/,Hybrid,Various,Australia,
ATIA 2022,Conference,26/01/2022 00:00:00,29/01/2022 00:00:00,4 day,https://www.atia.org/atia-2022/,Hybrid,Orlando (Florida),USA,
NASA Airathon Predict Air Quality,Hackathon,28/01/2022 00:00:00,21/03/2022 00:00:00,53 day,https://www.drivendata.org/competitions/88/competition-air-quality-pm/,Virtual,,Online,
Machine Learning with Cartoon Characters and Christmas Trees,Meetup,31/01/2022 18:30:00,31/01/2022 21:30:00,3 hour,https://www.meetup.com/dotnetnotts/events/283093537,Virtual,,Online,
How to build an Azure ML Pipeline,Meetup,09/02/2022 16:00:00,09/02/2022 17:00:00,1 hour,https://www.meetup.com/aifortytwoo/events/283314636,Virtual,,Online,
Stream Processing with Apache Kafka and .NET,Meetup,09/02/2022 19:00:00,09/02/2022 20:30:00,1.5 hour,https://www.meetup.com/NET-to-the-Core/events/283278548,Virtual,,Online,
Virtual Reality and Healthcare Global Symposium,Conference,03/03/2022 00:00:00,04/03/2022 00:00:00,2 day,https://health22.ivrha.org/,In_Person,Nashville,USA,
SXSW Conference 2022,Conference,11/03/2022 00:00:00,20/03/2022 00:00:00,10 day,https://www.sxsw.com/conference/,Hybrid,Austin (Texas),USA,
Building and Deploying Cloud Native Apps in Azure,Meetup,12/02/2022 10:00:00,12/02/2022 13:00:00,3 hour,https://www.meetup.com/dot-net-learners-house-hyderabad/events/282038867/,Virtual,Hyderabad,India,
Teams Nation Community Conference,Conference,23/03/2022 10:06:00,23/03/2022 10:06:00,1 day,https://teamsnation.rocks,Virtual,,Online,
Getting Started with IoT on the Raspberry Pi,Meetup,01/02/2022 18:30:00,01/02/2022 20:30:00,2 hour,https://www.meetup.com/dotnetsheff/events/281551061/,In_Person,Sheffield,UK,
Node Congress 2022,Conference,17/02/2022 00:00:00,18/02/2022 00:00:00,2 day,https://nodecongress.com/,Virtual,,Online,
MiniHack 17,Hackathon,30/03/2022 19:00:00,30/03/2022 21:00:00,2 hour,https://www.meetup.com/mini-hack/events/283500564/,Virtual,,Online,
MiniHack 16,Hackathon,22/02/2022 19:00:00,22/02/2022 21:00:00,2 hour,https://www.meetup.com/mini-hack/events/283500544/,Virtual,,Online,
API Versioning in ASP.NET 6 (and cat memes),Meetup,02/02/2022 18:00:00,02/02/2022 20:30:00,2.5 hour,https://www.meetup.com/dotnet-zurich/events/283458662/,Virtual,,Online,
Citus Con An Event for Postgres,Conference,12/04/2022 00:00:00,13/04/2022 00:00:00,2 day,https://www.citusdata.com/cituscon/2022/,Virtual,,Online,
.NET Beyond,Conference,30/03/2022 00:00:00,31/03/2022 00:00:00,2 day,https://tanzu.vmware.com/developer/tv/dotnet-beyond/,Virtual,,Online,
Azure Cosmos DB Conf,Conference,19/04/2022 00:00:00,20/04/2022 00:00:00,2 day,https://developer.azurecosmosdb.com/conf,Virtual,,Online,
Azure Cosmos DB Conf CFP,Call_For_Papers,07/01/2022 00:00:00,10/03/2022 00:00:00,63 day,https://sessionize.com/azure-cosmos-db-conf-2022/,Virtual,,Online,
Rome .NET Conference 2022 CFP,Call_For_Papers,01/11/2021 00:00:00,13/02/2022 00:00:00,105 day,https://sessionize.com/rome-net-conference-2022,Virtual,,Online,
Rome .NET Conference 2022,Conference,18/03/2022 00:00:00,18/03/2022 00:00:00,1 day,https://www.dotnetconf.it/,Virtual,,Online,
Citus Con An Event for Postgres CFP,Call_For_Papers,07/12/2021 00:00:00,06/02/2022 00:00:00,62 day,https://sessionize.com/cituscon2022,Virtual,,Online,
Data Weekender,Call_For_Papers,14/05/2022 00:00:00,14/05/2022 00:00:00,1 day,https://www.dataweekender.com/,Virtual,,Online,
Data Weekender CFP,Call_For_Papers,14/01/2022 00:00:00,14/04/2022 00:00:00,91 day,https://sessionize.com/dataweekender-cu5,Virtual,,Online,
NDC Oslo,Conference,26/09/2022 00:00:00,30/09/2022 00:00:00,5 day,https://ndcoslo.com/,In_Person,Oslo,Norway,
NDC Oslo 2022 CFP,Call_For_Papers,11/01/2022 00:00:00,07/05/2022 00:00:00,117 day,https://sessionize.com/ndc-oslo-2022,In_Person,Oslo,Norway,
Innov8 4 Kids Challenge,Hackathon,01/02/2022 00:00:00,10/04/2022 00:00:00,69 day,https://innov8-4-kids.hackerearth.com/,Virtual,,Online,
Getting started with IoT on Raspberry Pi,Meetup,10/02/2020 18:00:00,10/02/2020 21:00:00,3 hour,https://www.meetup.com/Dot-NET-Liverpool/events/283477973,In_Person,London,UK,
.NET Cryptography 101,Meetup,08/03/2022 18:30:00,08/03/2022 20:30:00,2 hour,https://www.meetup.com/Milton-Keynes-NET-Meetup-Group/events/283678720/,Virtual,,Online,
Building modern applications with Blazor and GraphQL,Meetup,02/03/2022 18:00:00,02/03/2022 20:00:00,2 hour,https://www.meetup.com/Leeds-Sharp/events/283566147/,In_Person,Leeds,UK,
One Rule Engine to Rule them all,Meetup,17/02/2022 18:00:00,17/02/2022 19:00:00,1 hour,https://www.meetup.com/HaintonsDotNetMeetup/events/283608740,Virtual,,Online,
EventStorming EventSourcing and CQRS,Meetup,26/04/2022 18:00:00,26/04/2022 20:00:00,2 hour,https://www.meetup.com/HaintonsDotNetMeetup/events/283528945/,In_Person,Leeds,UK,
Microsoft US Azure AI Hack for Humanitarian Action,Hackathon,10/02/2022 00:00:00,28/03/2022 00:00:00,47 day,https://humanitarianhack.devpost.com/,Virtual,,Online,
Microsoft Azure and AI Conference,Conference,05/04/2022 00:00:00,07/04/2022 00:00:00,3 day,https://www.azureaiconf.com/,In_Person,Las Vegas (Nevada),USA,
Solana Riptide Hackathon,Hackathon,02/02/2022 00:00:00,17/03/2022 00:00:00,44 day,https://solana.com/riptide,Virtual,,Online,
Reality Hack,Hackathon,23/03/2022 00:00:00,27/03/2022 00:00:00,5 day,https://www.mitrealityhack.com/,Virtual,,Online,
Web3con Hackathon,Hackathon,28/02/2022 00:00:00,04/03/2022 00:00:00,5 day,https://www.web3con.dev/,Virtual,,Online,
Hard of Hearing Hackathon,Hackathon,07/02/2022 00:00:00,04/03/2022 00:00:00,26 day,https://hard-of-hearing-hackathon.devpost.com/,Virtual,,Online,
Netlify Hackathon,Hackathon,01/02/2022 00:00:00,28/02/2022 00:00:00,28 day,https://townhall.hashnode.com/netlify-hackathon,Virtual,,Online,
Welsh Azure User Group - Feb 2022,Meetup,16/02/2022 18:30:00,16/02/2022 20:30:00,2 hour,https://meetu.ps/e/KzB2q/PsPnt/i,Virtual,,Online,
Hack The Planet and Humans Health,Hackathon,25/02/2022 00:00:00,27/02/2022 00:00:00,3 day,https://www.health4planet.dkv.es/,Virtual,,Online,
Cloud Expo Europe,Conference,02/03/2022 10:00:00,03/03/2022 15:55:00,2 day,https://www.cloudexpoeurope.com/,In_Person,London,UK,
FOSS Backstage,Conference,17/03/2022 13:00:00,18/03/2022 19:30:00,2 day,https://foss-backstage.de/,Hybrid,Berlin,Germany,
Berlin Buzzwords,Conference,12/06/2022 09:00:00,14/06/2022 17:30:00,3 day,https://2022.berlinbuzzwords.de/,Hybrid,Berlin,Germany,
Open Source Summit,Conference,21/05/2022 09:00:00,24/06/2022 17:30:00,35 day,https://events.linuxfoundation.org/open-source-summit-north-america/,Hybrid,Austin,USA,
OSPOCon Euroe,Conference,13/09/2022 09:00:00,16/09/2022 17:30:00,4 day,https://events.linuxfoundation.org/ospocon-europe/,Hybrid,Dublin,Ireland (Republic),
Embedded Linux Conference Europe,Conference,13/09/2022 09:00:00,16/09/2022 17:30:00,4 day,https://events.linuxfoundation.org/embedded-linux-conference-europe/,Hybrid,Dublin,Ireland (Republic),
All Things Open 2022,Conference,30/10/2022 16:00:00,02/11/2022 21:00:00,4 day,https://www.allthingsopen.org/,Hybrid,Raleigh,USA,
PyCon 2022,Conference,27/04/2022 00:00:00,03/05/2022 00:00:00,7 day,https://us.pycon.org/2022/,Hybrid,Salt Lake City,USA,
March 2022 South Coast User Group Meetup,Meetup,01/03/2022 19:00:00,01/03/2022 21:00:00,2 hour,https://www.meetup.com/MCSCUG/events/282080698/,In_Person,Southampton,UK,
DevOps.js Conference 2022,Conference,24/03/2020 00:00:00,25/03/2020 00:00:00,2 day,https://devopsjsconf.com/,Virtual,,Online,
GitLab Hackathon,Hackathon,22/02/2022 00:00:00,24/02/2022 00:00:00,3 day,https://about.gitlab.com/community/hackathon/,Virtual,,Online,
Microsoft Azure Trial Hackathon on DEV,Hackathon,08/02/2022 00:00:00,08/03/2022 00:00:00,29 day,https://dev.to/devteam/hack-the-microsoft-azure-trial-on-dev-2ne5,Virtual,,Online,
Global Legal Hackathon 2022,Hackathon,25/03/2022 00:00:00,27/03/2022 00:00:00,3 day,https://globallegalhackathon.com/,Virtual,,Online,
Global Power Platform Bootcamp,Conference,18/02/2022 00:00:00,19/02/2022 00:00:00,2 day,https://www.powerplatformbootcamp.com/,Virtual,,Online,
Building your lakehouse in Azure,Meetup,23/02/2022 00:00:00,23/02/2022 00:00:00,1 day,https://www.meetup.com/aifortytwoo/events/283707739,Virtual,,Online,
Deploy .NET applications to AWS and Migrating Win workloads to AWS,Meetup,01/03/2022 18:30:00,01/03/2022 20:30:00,2 hour,https://www.meetup.com/dotnetsheff/events/280415916,In_Person,Sheffield,UK,
Integration integration integration! Face-2-Face at Virgin Media,Meetup,23/03/2022 18:00:00,23/03/2022 20:00:00,2 hour,https://www.meetup.com/dot-net-thames-valley/events/283879183,In_Person,Reading,UK,
Data and AI Summit 2022,Conference,27/06/2022 00:00:00,30/06/2022 00:00:00,4 day,https://databricks.com/dataaisummit/north-america-2022,Hybrid,San Francisco,USA,
PHP UK Conference,Conference,16/02/2022 00:00:00,18/02/2022 00:00:00,3 day,https://www.phpconference.co.uk/,In_Person,London,UK,
Commsverse,Conference,29/06/2022 00:00:00,30/06/2022 00:00:00,2 day,https://www.commsverse.com/,In_Person,London,UK,
World Water-Tech,Conference,22/02/2022 00:00:00,23/02/2022 00:00:00,2 day,https://worldwatertechinnovation.com/,In_Person,London,UK,
A Red Nose Day Special How The Web Works by Rob Miles IN RHYME,Meetup,18/03/2022 19:00:00,18/03/2022 20:30:00,1.5 hour,https://www.meetup.com/DotNetNorth/events/284019510/,Virtual,,Online,
Global XR Talks - February,Meetup,24/02/2022 16:00:00,24/02/2022 17:30:00,1.5 hour,https://www.meetup.com/GlobalXRCommunity/events/283763886,Virtual,,Online,
.NET MAUI with David Ortinau,Meetup,01/03/2022 20:00:00,01/03/2022 21:00:00,1 hour,https://www.meetup.com/DotNetNorth/events/284077011/,Virtual,,Online,
JetBrains Design Conf,Conference,03/03/2022 00:00:00,04/03/2022 00:00:00,2 day,https://www.jetbrains.com/lp/designconf-2022/,Virtual,,Online,
NASA Space Apps Challenge 2022,Hackathon,01/10/2022 00:00:00,02/10/2022 00:00:00,2 day,https://www.spaceappschallenge.org/,Virtual,,Online,
PyConUK 2022,Conference,16/09/2022 00:00:00,18/09/2022 00:00:00,3 day,https://www.python.org/events/python-events/1091/,In_Person,Cardiff,UK,
Great Northern AI Summit,Conference,17/03/2022 00:00:00,18/03/2022 00:00:00,2 day,https://www.aitechnorth.uk/,In_Person,Leeds,UK,
WeAreDevelopers World Congress 2022,Conference,14/06/2022 00:00:00,15/06/2022 00:00:00,2 day,https://www.wearedevelopers.com/world-congress#/,In_Person,Berlin,Germany,
Austrian Developer Community Day 2022,Conference,25/02/2022 00:00:00,25/02/2022 00:00:00,1 day,https://www.cloudusergroup.at/,Virtual,,Online,
Nordic Virtual Summit,Conference,16/03/2022 00:00:00,17/03/2022 00:00:00,2 day,https://nordicvirtualsummit.com/,Virtual,,Online,
AVD TECHFEST 2022,Conference,20/04/2022 00:00:00,21/04/2022 00:00:00,2 day,https://avdtechfest.com/,In_Person,Amsterdam,Netherlands,
IglooConf 2022 Summer edition,Conference,16/06/2022 00:00:00,17/06/2022 00:00:00,2 day,https://www.iglooconf.fi/,In_Person,Helsinki,Finland,
Future Tech 2022,Conference,21/06/2022 00:00:00,21/06/2022 00:00:00,1 day,https://futuretech.nl/,In_Person,Jaarbeurs Utrecht,Netherlands,
Azure Lowlands 2022,Conference,30/06/2022 00:00:00,30/06/2022 00:00:00,1 day,https://www.azurelowlands.nl/,In_Person,Utrecht,Netherlands,
Azure Time Travel,Meetup,09/03/2022 16:00:00,09/03/2022 17:00:00,1 hour,https://www.meetup.com/aifortytwoo/events/284150844/,Hybrid,,Online,
Digital City Festival Manchester,Conference,07/03/2022 00:00:00,11/03/2022 00:00:00,5 day,https://www.digitalcityfestival.com/,In_Person,Manchester,UK,
Solo Con,Conference,08/03/2022 00:00:00,10/03/2022 00:00:00,3 day,https://hopin.com/events/solocon-2022/registration,Virtual,,Online,
dotnetdays Romania,Conference,21/03/2022 00:00:00,24/03/2022 00:00:00,4 day,https://dotnetdays.ro/,Virtual,Lasi,Romania,
Azure Lowlands 2022 CFP,Call_For_Papers,01/01/2022 00:00:00,15/03/2022 00:00:00,74 day,https://sessionize.com/azure-lowlands-2022,In_Person,Utrecht,Netherlands,
We Are Developers Live 2022 CFP,Call_For_Papers,16/12/2021 00:00:00,18/04/2022 00:00:00,127 day,https://sessionize.com/wearedevelopers-live-2022,Virtual,,Online,
DeveloperWeek Europe 2022 Hackathon,Hackathon,11/04/2022 00:00:00,27/04/2022 00:00:00,17 day,https://dw-europe-2022-hackathon.devpost.com/,Virtual,,Online,
Lightship Summit,Conference,24/05/2022 00:00:00,25/05/2022 00:00:00,2 day,https://event.lightshipsummit.com/,In_Person,San Francisco,USA,
Food Recognition Benchmark 2022,Hackathon,03/03/2022 13:45:00,03/05/2022 12:59:00,61 day,https://www.aicrowd.com/challenges/food-recognition-benchmark-2022,Virtual,,Online,
Data Purchasing Challenge 2022,Hackathon,03/03/2022 01:00:00,07/04/2022 12:59:00,36 day,https://www.aicrowd.com/challenges/data-purchasing-challenge-2022,Virtual,,Online,
Kafka Summit,Conference,25/04/2022 00:00:00,26/04/2022 00:00:00,2 day,https://www.kafka-summit.org/events/kafka-summit-london-2022/about,In_Person,London,UK,
Sci Fi Dev Con,Conference,01/05/2022 00:00:00,31/05/2022 00:00:00,31 day,https://www.scifidevcon.com/,Virtual,,Online,
.NET Core Dependency Injection – The Booster Jab by Steve Collins,Meetup,05/04/2020 17:00:00,05/04/2020 19:00:00,2 hour,https://www.meetup.com/dotnet-austria/events/284429278,Virtual,,Online,
MK.NET - Jon Galloway - GitHub Actions - 5 Things Every .NET Dev Should Know,Meetup,13/04/2022 18:30:00,13/04/2022 20:00:00,1.5 hour,https://www.meetup.com/Milton-Keynes-NET-Meetup-Group/events/284546607/,Virtual,,Online,
MK.NET - Quinntyne Brown - Build Minimal API Solutions with a Code Generator,Meetup,06/04/2022 18:30:00,06/04/2022 20:00:00,1.5 hour,https://www.meetup.com/Milton-Keynes-NET-Meetup-Group/events/284461810/,Virtual,,Online,
DataGrillen 2022,Conference,02/06/2022 09:00:00,03/06/2022 18:00:00,2 day,https://datagrillen.com/,In_Person,Lingen,Germany,
SQLDay,Conference,09/05/2022 08:00:00,11/05/2022 16:30:00,3 day,https://sqlday.pl/en/,Hybrid,Wrocław,Poland,
Global Azure 2022,Conference,05/05/2022 00:00:00,07/05/2022 00:00:00,3 day,https://globalazure.net/,Virtual,,Online,
Visual Studio 25th Anniversary Special Event Meetup,Meetup,21/03/2022 17:00:00,21/03/2022 19:00:00,2 hour,https://www.meetup.com/dotnetcambridge/events/281988853,Virtual,,Online,
Machine Learning for .NET Developers,Meetup,23/03/2022 16:00:00,23/03/2022 17:00:00,1 hour,https://www.meetup.com/aifortytwoo/events/284045238,Virtual,,Online,
Dependency Injection in ASP.NET Core,Meetup,23/03/2022 17:30:00,23/03/2022 19:00:00,1.5 hour,https://www.meetup.com/munich-dotnet-meetup/events/283568102,Virtual,,Online,
When super powers combine - Azure and Octopus Deploy,Meetup,24/03/2022 20:00:00,24/03/2022 21:00:00,1 hour,https://www.meetup.com/Limerick-DotNet/events/284231610,Virtual,,Online,
Global AI Bootcamp London,Conference,25/03/2022 00:00:00,25/03/2022 00:00:00,1 day,https://globalai.community/bootcamp-2022/europe-london-5138/,Virtual,,Online,
 Chem4Word .NET Chemistry and Citizen Science,Meetup,28/03/2022 18:30:00,28/03/2022 20:30:00,2 hour,https://www.meetup.com/dotnetnotts/events/284647167,Virtual,,Online,
Source Generators in .NET 6,Meetup,29/03/2022 18:00:00,29/03/2022 19:00:00,1 hour,https://www.meetup.com/HaintonsDotNetMeetup/events/283995846,In_Person,Newcastle,UK,
Graph For All Million Dollar Challenge,Hackathon,09/02/2022 00:00:00,20/04/2022 00:00:00,71 day,https://graphforall.devpost.com/,Virtual,,Online,
Introduction to Identity Server 6,Meetup,31/03/2022 18:30:00,31/03/2022 19:30:00,1 hour,https://www.meetup.com/Leeds-Sharp/events/283480727,In_Person,Leeds,UK,
Microsoft Teams App Development Challenge 2022,Hackathon,23/02/2022 00:00:00,23/05/2022 00:00:00,90 day,https://microsoftteams.devpost.com/,Virtual,,Online,
Hack to the Future 4,Hackathon,08/03/2022 00:00:00,10/04/2022 00:00:00,34 day,https://fintech.devpost.com/,Virtual,,Online,
Go Hack,Hackathon,24/03/2022 00:00:00,16/05/2022 00:00:00,54 day,https://gohack.devpost.com/,Virtual,,Online,
African Women Innovation Hackathon,Hackathon,04/04/2022 00:00:00,15/04/2022 00:00:00,12 day,https://angelhack.notion.site/African-Women-Innovation-Hackathon-Information-a79018c41ff14fac88ce98a4ee082141,Virtual,,Online,
.NET Core Dependency Injection,Meetup,05/04/2022 18:00:00,05/04/2022 20:00:00,2 hour,https://www.meetup.com/dotnet-austria/events/284429278/,Virtual,,Austria,
Microsoft Ability Summit,Conference,05/05/2022 00:00:00,06/05/2022 00:00:00,2 day,https://abilitysummit2022.eventcore.com/,Virtual,,Online,
WinTEQ 2022,Conference,05/04/2022 00:00:00,06/04/2022 00:00:00,2 day,https://www.quantiq.com/events/winteq-virtual-conference-2022/,Virtual,,Online,
Microsoft Build,Conference,24/05/2022 00:00:00,26/05/2022 00:00:00,3 day,https://mybuild.microsoft.com/,Virtual,,Online,
Powershell Conference Europe 2022,Conference,20/06/2022 00:00:00,23/06/2022 00:00:00,4 day,https://psconf.eu/,In_Person,Vienna,Austria,
Snap Partner Summit 2022,Conference,28/04/2022 00:00:00,28/04/2022 00:00:00,1 day,https://snappartnersummit.com/,Virtual,,Online,
JuliaCon 2022,Conference,27/07/2022 00:00:00,29/07/2022 00:00:00,3 day,https://juliacon.org/2022/,Virtual,,Online,
Codegarden 2022,Conference,15/06/2022 00:00:00,17/06/2022 00:00:00,3 day,https://codegarden.umbraco.com/,Hybrid,Odense,Denmark,
DevRelCon Deep Dives 2022,Conference,24/05/2022 00:00:00,25/05/2022 00:00:00,2 day,https://deepdives.devrelcon.dev/,Virtual,,Online,
WWDC22,Conference,06/06/2022 00:00:00,06/06/2022 00:00:00,1 day,https://developer.apple.com/wwdc22/,Virtual,,Online,
Meta Conversations,Conference,19/05/2022 00:00:00,19/05/2022 00:00:00,1 day,https://registration.metaconversations.me/,Virtual,,Online,
EDA Summit,Conference,04/05/2022 00:00:00,04/05/2022 00:00:00,1 day,https://edasummit.com/,Virtual,,Online,
Codestock,Conference,07/04/2022 00:00:00,08/04/2022 00:00:00,2 day,https://www.codestock.org/,In_Person,Knoxville Tennessee,USA,
JS Nation,Conference,16/06/2022 00:00:00,20/06/2022 00:00:00,5 day,https://jsnation.com/,Hybrid,Amsterdam,Netherlands,
Artificial Intelligence in a 2D Self Learning Driving Car Simulation,Meetup,12/04/2022 20:00:00,12/04/2022 21:00:00,1 hour,https://www.meetup.com/DotNetNorth/events/284244402/,Virtual,,Online,
MK.NET - Rabeb Othmani - The Future is for Self-Serve SDKs,Meetup,18/05/2020 18:30:00,18/05/2020 20:00:00,1.5 hour,https://www.meetup.com/Milton-Keynes-NET-Meetup-Group/events/285202735/,Virtual,,Online,
Digit,Conference,22/04/2022 00:00:00,22/04/2022 00:00:00,1 day,https://www.digit.dev/,Hybrid,Tartu,Estonia,
React Summit Hybrid,Conference,17/06/2022 00:00:00,17/06/2022 00:00:00,1 day,https://reactsummit.com/,Hybrid,Amsterdam,Netherlands,
React Summit Remote,Conference,21/06/2022 00:00:00,21/06/2022 00:00:00,1 day,https://reactsummit.com/,Virtual,,Online,
Microsoft Security with Matt Isbell,Meetup,19/04/2022 17:30:00,19/04/2022 19:30:00,2 hour,https://www.meetup.com/lincolnshire-azure-user-group/events/284381697/,In_Person,Lincoln,UK,
Dependency Injection in ASP.NET,Meetup,20/04/2022 18:30:00,20/04/2022 20:30:00,2 hour,https://www.meetup.com/dotnetsheff/events/284649207/,Virtual,,Online,
Introduction to Microsoft Remote Assist and Guides,Meetup,21/04/2022 16:00:00,21/04/2022 17:30:00,1.5 hour,https://www.meetup.com/GlobalXRCommunity/events/283764075/,Virtual,,Online,
Beginners Guide to Blockchain Web3 and Polkadot,Meetup,21/04/2022 19:00:00,21/04/2022 21:00:00,2 hour,https://www.meetup.com/DeveloperSouthCoast/events/284068096/,Virtual,,Online,
The Hackconimist,Hackathon,22/04/2022 00:00:00,24/04/2022 00:00:00,3 day,https://organize.mlh.io/participants/events/8118-the-hackconimist,Virtual,,Online,
Creatica 2022,Hackathon,29/04/2022 00:00:00,01/05/2022 00:00:00,3 day,https://www.creatica.io/,Virtual,,Online,
Hack-Verse,Hackathon,06/05/2022 00:00:00,08/05/2022 00:00:00,3 day,https://organize.mlh.io/participants/events/8120-hack-verse,Virtual,,Online,
RU Hacks,Hackathon,06/05/2022 00:00:00,08/05/2022 00:00:00,3 day,https://ruhacks.com/,Virtual,,Online,
AhoyHacks,Hackathon,13/05/2022 00:00:00,15/05/2022 00:00:00,3 day,https://organize.mlh.io/participants/events/8121-ahoyhacks,Virtual,,Online,
TO Hacks 2022,Hackathon,28/05/2022 00:00:00,29/05/2022 00:00:00,2 day,https://www.tohacks.ca/,Virtual,,Online,
CSS Day 2022,Conference,09/06/2022 00:00:00,10/06/2022 00:00:00,2 day,https://cssday.nl/2022,In_Person,Amsterdam,Netherlands,cssdayconf
Nordic Game Jam 2022,Hackathon,29/04/2022 00:00:00,01/05/2022 00:00:00,3 day,https://nordicgamejam.com/,In_Person,Copenhagen,Denmark,nordicgamejam
Games Job Fair 2022,Conference,27/04/2022 00:00:00,29/04/2022 00:00:00,3 day,https://gamesjobfair.com/,Virtual,,Online,
DevX Conf,Conference,02/05/2022 00:00:00,03/05/2022 00:00:00,2 day,https://devxconf.org/,Virtual,,Online,devxconf
Onion Architecture with DDD and CQRS,Meetup,25/04/2022 18:30:00,25/04/2022 20:30:00,2 hour,https://www.meetup.com/dotnetnotts/events/285409895/,Virtual,,Online,
Azure Container Apps,Meetup,03/05/2022 18:45:00,03/05/2022 21:00:00,2.25 hour,https://www.meetup.com/dotnetoxford/events/285233337/,Virtual,,Online,
The Future is for Self-Serve SDKs,Meetup,18/05/2022 18:30:00,18/05/2022 20:00:00,1.5 hour,https://www.meetup.com/Milton-Keynes-NET-Meetup-Group/events/285202735/,Virtual,,Online,
CypherCon,Conference,28/04/2022 00:00:00,30/04/2022 00:00:00,3 day,https://cyphercon.com/,In_Person,Milwaukee,USA,CypherCon
PlatformCON 2022,Conference,09/06/2022 00:00:00,10/06/2022 00:00:00,2 day,https://platformcon.com/,Virtual,,Online,
Green Software Foundation Global Summit,Conference,07/06/2022 13:30:00,18/06/2022 04:00:00,11 day,https://summit.greensoftware.foundation/,Hybrid,,Online,gsfcommunity
BarCamp Manchester 2022,Meetup,02/07/2022 00:00:00,02/07/2022 00:00:00,1 day,https://www.barcampmanchester.co.uk/,In_Person,Manchester,UK,barcampmcr
Devopsdays Birmingham,Conference,05/05/2022 00:00:00,06/05/2022 00:00:00,2 day,https://devopsdays.org/events/2022-birmingham-uk/welcome/,In_Person,Birmingham,UK,devopsdaysbrum
Global Accessibility Awareness Day,Conference,19/05/2022 00:00:00,19/05/2022 00:00:00,1 day,https://accessibility.day/,Hybrid,,Online,gbla11yday
Render ATL 2022,Conference,01/06/2022 00:00:00,04/06/2022 00:00:00,4 day,https://www.renderatl.com/,In_Person,Atlanta,USA,renderatl
Performance Day,Meetup,04/05/2022 17:00:00,04/05/2022 19:00:00,2 hour,https://www.meetup.com/dotnet-zurich/events/285192696/,Virtual,,Online,
Python for C# Developers with David Betteridge,Meetup,03/05/2022 18:30:00,03/05/2022 20:30:00,2 hour,https://www.meetup.com/dotnetsheff/events/285386527/,In_Person,Sheffield,UK,
Azure Static Web Apps and Azure DevOps for a free blog,Meetup,06/05/2022 17:00:00,06/05/2022 19:00:00,2 hour,https://www.meetup.com/munich-dotnet-meetup/events/284677952/,Virtual,,Online,
Microsoft Azure Responsible AI Hackathon,Hackathon,25/04/2022 00:00:00,06/06/2022 00:00:00,43 day,https://responsibleai.devpost.com/,Virtual,,Online,
Build Stuff Conference,Conference,09/11/2022 00:00:00,11/11/2022 00:00:00,3 day,https://www.buildstuff.events/,Hybrid,Vilnius,Lithuania,BuildStuffConf
MiniHack 19,Hackathon,31/05/2022 19:00:00,31/05/2022 21:00:00,2 hour,https://www.meetup.com/mini-hack/events/285108936/,Virtual,,Online,onlineminihack
Blazor Day,Meetup,10/05/2022 17:00:00,10/05/2022 19:00:00,2 hour,https://www.meetup.com/dotnet-zurich/events/283770359/,Virtual,,Online,
My Internet of Things Journey,Meetup,12/05/2022 18:30:00,12/05/2022 19:30:00,1 hour,https://www.meetup.com/Nottingham-IoT-Meetup/events/285692609/,Virtual,,Online,
Red Hat Summit 2022,Conference,10/05/2022 00:00:00,11/05/2022 00:00:00,2 day,https://www.redhat.com/en/summit,Virtual,,Online,redhatsummit
Microsoft Security Summit,Conference,12/05/2022 00:00:00,12/05/2022 00:00:00,1 day,https://mssecuritysummit.eventcore.com/?ocid=AID3046765_QSG_584072,Virtual,,Online,
IBM Think 2022,Conference,10/05/2022 00:00:00,11/05/2022 00:00:00,2 day,https://www.ibm.com/events/think/,Virtual,,Online,
SnykWeek London,Conference,23/05/2022 00:00:00,26/05/2022 00:00:00,4 day,https://snyk.io/snykweek-london/?utm_campaign=Event-SnykWeek-London-2022,In_Person,London,UK,
Develop Brighton 2022,Conference,12/07/2022 00:00:00,14/07/2022 00:00:00,3 day,https://www.developconference.com/,In_Person,Brighton,UK,developconf
Ability Summit,Conference,10/05/2022 00:00:00,10/05/2022 00:00:00,1 day,https://abilitysummit.event.microsoft.com/,Virtual,,Online,
AR VR Hackathon (Cancelled),Hackathon,06/06/2022 00:00:00,01/07/2022 00:00:00,26 day,https://arvrhackathon.com/,Virtual,,Online,
Caribbean Developers Conference,Conference,03/11/2022 00:00:00,05/11/2022 00:00:00,3 day,https://cdc.dev/,In_Person,Punta Cana,Dominican Republic,caribbeandevcon
Caribbean Developers Conference 2022 CFS,Call_For_Papers,07/03/2022 00:00:00,30/09/2022 00:00:00,208 day,https://sessionize.com/caribbean-developers-conference-2022,In_Person,Punta Cana,Dominica,caribbeandevcon
Devconf Poland 2022 CFS,Call_For_Papers,11/02/2022 00:00:00,16/05/2022 00:00:00,95 day,https://sessionize.com/devconfpl-2022,In_Person,Wytwórnia,Poland,devconfpl
Climate Hackathon 2022,Hackathon,07/06/2022 00:01:00,09/06/2022 23:59:00,4 day,http://msft.it/6016bDuvs,Virtual,,Online,
DDD South West,Conference,25/06/2022 09:00:00,25/06/2022 17:00:00,1 day,https://dddsouthwest.com/,In_Person,Bristol,UK,https://twitter.com/dddsouthwest
Build a Better Tomorrow,Hackathon,05/05/2022 00:00:00,29/05/2022 00:00:00,25 day,https://www.hackerearth.com/challenges/hackathon/Hack-for-Better-Tomorrow/,Virtual,,Online,
DevOpsDays Ukraine,Conference,17/05/2022 00:00:00,18/05/2022 00:00:00,2 day,https://devopsdays.com.ua/,Virtual,,Online,devopsdays_kyiv
Power Apps Developer Bootcamp,Conference,19/05/2022 00:00:00,21/05/2022 00:00:00,3 day,https://events.powercommunity.com/power-apps-developer-bootcamp-2022/,Virtual,,Online,powerthon
Latinas In Tech Summit,Conference,18/05/2022 00:00:00,20/05/2022 00:00:00,3 day,https://latinasintechsummit.org/,Virtual,,Online,latinas_tech
Thinking Digital 2022,Conference,18/05/2022 00:00:00,19/05/2022 00:00:00,2 day,https://thinkingdigital.co.uk/,In_Person,Gateshead,UK,ThinkingDigital
Global XR Conference 2022,Conference,03/11/2022 00:00:00,04/11/2022 00:00:00,2 day,https://globalxrconference.com/,Virtual,,Online,globxrcommunity
Interactions Live 2022,Conference,24/05/2022 00:00:00,25/05/2022 00:00:00,2 day,https://www.nice.com/websites/interactions-live/,Virtual,,Online,NICELtd
Steve Collins - The Source Code Generation Game,Meetup,23/05/2022 18:30:00,23/05/2022 20:30:00,2 hour,https://www.meetup.com/dotnetnotts/events/285863066/,Virtual,,Online,
Distributed Tracing with Open Telemetry,Meetup,26/05/2022 18:00:00,26/05/2022 20:00:00,2 hour,https://www.meetup.com/Leeds-Sharp/events/284969675/,In_Person,Leeds,UK,
ActInSpace,Hackathon,18/11/2022 00:00:00,19/11/2022 00:00:00,2 day,https://actinspace.org/,Virtual,,Online,ActInSpace
MK.NET - Integration Integration Integration! with Jon Skeet,Meetup,12/07/2022 18:30:00,12/07/2022 20:00:00,1.5 hour,https://www.meetup.com/Milton-Keynes-NET-Meetup-Group/events/281085690/,Virtual,,Online,DotMiltonKeynes
MK.NET - Matty Stratton - Deploying Your Infrastructure Using .NET,Meetup,15/06/2022 18:30:00,15/06/2022 20:30:00,2 hour,https://www.meetup.com/Milton-Keynes-NET-Meetup-Group/events/285862642/,Virtual,,Online,DotMiltonKeynes
Fossil Free Future Hackathon,Hackathon,09/06/2022 00:00:00,10/06/2022 00:00:00,2 day,https://group.vattenfall.com/who-we-are/sustainability/hackathon,Virtual,,Online,
Orbit Nexus,Conference,31/05/2022 00:00:00,31/05/2022 00:00:00,1 day,https://orbit.love/nexus,Virtual,,Online,OrbitModel
Devoteam G Cloud Day,Conference,07/06/2022 00:00:00,07/06/2022 00:00:00,1 day,https://gcloud.devoteam.com/devoteam-g-cloud-day-2022/,Hybrid,,Online,
cdCon,Conference,07/06/2022 00:00:00,08/06/2022 00:00:00,2 day,https://events.linuxfoundation.org/cdcon/,Hybrid,Austin,USA,
MX Hacks,Hackathon,23/09/2022 00:00:00,24/09/2022 00:00:00,2 day,https://www.mendix.com/mxhacks/,Hybrid,,Online,
CloudBrew,Call_For_Papers,18/11/2022 08:00:00,19/11/2022 17:00:00,2.375 day,https://www.cloudbrew.be/,In_Person,Mechelen,Belgium,CloudBrewConf
Code Europe 2022,Conference,30/05/2022 00:00:00,02/06/2022 00:00:00,4 day,https://www.codeeurope.pl/,In_Person,Krakow,Poland,code_europe
AWE USA 2022,Conference,01/06/2022 00:00:00,03/06/2022 00:00:00,3 day,https://www.awexr.com/usa-2022/,Hybrid,Santa Clara,USA,ARealityEvent
Devopsdays Birmingham UK,Conference,15/06/2022 00:00:00,16/06/2022 00:00:00,2 day,https://devopsdays.org/events/2023-birmingham-uk/welcome/,In_Person,Birmingham,UK,devopsdaysbrum
Azure Machine Learning and Databricks Friends or Foe ,Meetup,01/06/2022 16:00:00,01/06/2022 17:00:00,1 hour,https://www.meetup.com/aifortytwoo/events/284150886/,Virtual,,Online,
Perspektywy Women in Tech Summit 2022,Conference,07/06/2022 00:00:00,08/06/2022 00:00:00,2 day,https://womenintechsummit.pl/,Hybrid,Warsaw,Poland,
Nordic Summit,Conference,24/09/2022 00:00:00,24/09/2022 00:00:00,1 day,https://nordicsummit.info/,In_Person,Stockholm,Sweden,
Integrate 2022,Conference,13/06/2022 00:00:00,15/06/2022 00:00:00,3 day,https://www.kovai.co/integrate-2022/,Hybrid,London,UK,
HashiConf Europe,Conference,20/06/2022 00:00:00,22/06/2022 00:00:00,3 day,https://hashiconf.com/europe/,Hybrid,Amsterdam,Netherlands,
South Coast Summit,Conference,14/10/2022 00:00:00,15/10/2022 00:00:00,2 day,https://www.southcoastsummit.com/,In_Person,Southampton,UK,M365Summit
DevTalks Romania,Conference,08/06/2022 00:00:00,09/06/2022 00:00:00,2 day,https://www.devtalks.ro/,Hybrid,Bucharest,Romania,DevTalksRo
Storytelling with Data in Power BI Pragati Jain,Meetup,30/06/2022 17:00:00,30/06/2022 18:30:00,1.5 hour,https://www.meetup.com/romaniapug/events/285253967/,Virtual,,Online,
GitHub Universe 2022,Conference,09/11/2022 00:00:00,10/11/2022 00:00:00,2 day,https://www.githubuniverse.com/,Hybrid,San Francisco,USA,
Front-End Test Fest,Conference,23/06/2022 00:00:00,23/06/2022 00:00:00,1 day,https://applitools.com/front-endtestfest/,Virtual,,Online,
Lego Con 2022,Conference,18/06/2022 00:00:00,18/06/2022 00:00:00,1 day,https://www.lego.com/en-gb/lego-con,Hybrid,,Online,
Blazing Accessibility Basics and Distributed Tracing,Meetup,07/06/2022 18:30:00,07/06/2022 20:30:00,2 hour,https://www.meetup.com/dotnetsheff/events/285121788/,In_Person,Sheffield,UK,
GSF Global Summit London hosted by Microsoft Accenture and Avanade,Meetup,07/06/2022 13:30:00,07/06/2022 18:00:00,4.5 hour,https://www.meetup.com/Microsoft-Reactor-London/events/286113622/,Virtual,,Online,
Uno Platform 4 - Putting the Platform in Uno Platform,Meetup,07/06/2022 20:00:00,07/06/2022 21:00:00,1 hour,https://www.meetup.com/DotNetNorth/events/285818170/,Virtual,,Online,
South Coast User Group Meetup June 2022,Meetup,07/06/2022 19:00:00,07/06/2022 21:00:00,2 hour,https://www.meetup.com/MCSCUG/events/282525866/,In_Person,Southampton,UK,
.NET MAUI What How and Why,Meetup,07/06/2022 18:30:00,07/06/2022 20:30:00,2 hour,https://www.meetup.com/dotnetsouthwest/events/286011386/,In_Person,Bristol,UK,
Security Day .NET Zurich,Meetup,09/06/2022 17:00:00,09/06/2022 19:00:00,2 hour,https://www.meetup.com/dotnet-zurich/events/283770654/,Virtual,,Online,
Microsoft Inspire,Conference,19/07/2022 00:00:00,20/07/2022 00:00:00,2 day,https://inspire.microsoft.com/en-US/home,Virtual,,Online,
Southampton Data Platform and Cloud,Meetup,08/06/2022 18:00:00,08/06/2022 21:00:00,3 hour,http://sotondatacloud.org,Hybrid,Southampton,UK,https://twitter.com/sotondatacloud
Microsoft Identity for All Hackathon,Hackathon,24/05/2022 00:00:00,30/06/2022 00:00:00,38 day,https://id4all.devpost.com/,Virtual,,Online,
Cog X Festival,Conference,13/06/2022 00:00:00,15/06/2022 00:00:00,3 day,https://www.cogxfestival.com/,Hybrid,London,UK,
Think Digital Identity For Government,Conference,16/06/2022 00:00:00,16/06/2022 00:00:00,1 day,https://www.thinkdigitalidentityforgovernment.com/,In_Person,London,UK,
MongoDB World 2022,Conference,07/06/2022 00:00:00,09/06/2022 00:00:00,3 day,https://www.mongodb.com/world-2022,Hybrid,New York City,USA,
GenZTechies HackFest 2022 ,Hackathon,01/07/2022 00:00:00,03/07/2022 00:00:00,3 day,https://hackfest2022.genztechies.com/,Hybrid,Lagos,Nigeria,
Web Summit,Conference,01/11/2022 07:00:00,04/11/2022 17:00:00,4 day,https://websummit.com/,In_Person,Lisbon,Portugal,websummit
South Coast Summit CFS,Call_For_Papers,01/06/2022 00:00:00,31/07/2022 00:00:00,61 day,https://sessionize.com/south-coast-summit-2022,In_Person,Southampton,UK,M365Summit

Alexa Live,Conference,20/07/2022 00:00:00,20/07/2022 00:00:00,1 day,https://developer.amazon.com/alexalive,Virtual,,Online,
Viva Technology Paris,Conference,15/06/2022 00:00:00,18/06/2022 00:00:00,4 day,https://vivatechnology.com/,In_Person,Paris,France,
GitHub Field Day UK,Conference,30/07/2022 00:00:00,30/07/2022 00:00:00,1 day,https://githubfieldday.com/uk2022/,In_Person,London,UK,
Web3athon,Hackathon,09/06/2022 00:00:00,24/07/2022 00:00:00,46 day,https://web3athon.xyz/,Virtual,,Online,
Snap AR Lensathon 2022,Hackathon,01/06/2022 00:00:00,13/07/2022 00:00:00,43 day,https://snaplensathon.devpost.com/,Virtual,,Online,
Monday Climate Change App Challenge,Hackathon,25/04/2022 00:00:00,31/08/2022 00:00:00,129 day,https://mondayclimatechallenge.devpost.com/,Virtual,,Online,
Mixed Reality Dev Days Microsoft Hackathon,Hackathon,08/06/2022 00:00:00,08/07/2022 00:00:00,31 day,https://devdays.devpost.com/,Virtual,,Online,
The Sandbox - VOXJAM Series İstanbul,Hackathon,25/06/2022 09:00:00,26/06/2022 23:59:00,2.5 day,https://coderspace.io/etkinlikler/the-sandbox-voxjam-series-istanbul/,In_Person,Istanbul,Turkey,

Uno Platform 4 Putting the Platform in Uno Platform,Meetup,20/06/2022 17:00:00,20/06/2022 19:00:00,2 hour,https://www.meetup.com/dotnetcambridge/events/281988862/,Virtual,,Online,
IoT on Raspberry PI by John Staveley MVP,Meetup,21/06/2022 18:00:00,21/06/2022 19:00:00,1 hour,https://www.meetup.com/haintonsdotnetmeetup/events/284607129/,Virtual,,Online,
Introducing .NET MAUI with Shaun Lawrence,Meetup,23/06/2022 19:00:00,23/06/2022 21:00:00,2 hour,https://www.meetup.com/manchester-azure-dot-net-meetup/events/285367429/,Virtual,,Online,
Panel debate - How to sell an AI product,Meetup,29/06/2022 16:00:00,29/06/2022 17:00:00,1 hour,https://www.meetup.com/aifortytwoo/events/286425170/,Virtual,,Online,
How to deploy a static web app in Azure,Meetup,30/06/2022 18:00:00,30/06/2022 19:30:00,1.5 hour,https://www.meetup.com/bradford-cloud-user-group/events/286609286/,Virtual,,Online,
NDC Melbourne,Conference,20/06/2022 00:00:00,24/06/2022 00:00:00,5 day,https://ndcmelbourne.com/,In_Person,Melbourne,Australia,
CodeCabin 2022,Conference,16/09/2022 00:00:00,19/09/2022 00:00:00,4 day,https://codecab.in/,In_Person,Grindleford,UK,
Twitter Chirp,Conference,16/11/2022 00:00:00,16/11/2022 00:00:00,1 day,https://developer.twitter.com/en/chirp,Hybrid,San Francisco,USA,
Twitter Chirp Developer Challenge,Hackathon,21/06/2022 00:00:00,19/08/2022 00:00:00,60 day,https://chirpdevchallenge.devpost.com/,Virtual,,Online,
Hugo Conf,Conference,08/07/2022 00:00:00,09/07/2022 00:00:00,2 day,https://hugoconf.io/,Virtual,,Online,
Esri User Conference,Conference,11/07/2022 00:00:00,15/07/2022 00:00:00,5 day,https://www.esri.com/en-us/about/events/uc/overview,In_Person,San Diego,USA,
Scale,Conference,28/07/2022 00:00:00,31/07/2022 00:00:00,4 day,https://www.socallinuxexpo.org/scale/19x,In_Person,Los Angeles,USA,socallinuxexpo